id,text,aktual,prediksi
1,kebijakan selalu ada pro & kontra.. negara2 lain pun kewalahan.. bukan saatnya sibuk ribut2 kebijakan.. saatnya turun kelapangan.. banyak rakyat yg butuh bantuan ,negatif,negatif
2,"itu blt bansos uang  atau apa pun untuk siapa"" untuk orang orang kaya atau mampu ""atau semuanya""' masa yg bantuan aja dulu ukm "" ktanya buat pedagang kecil kenyantaanya"" bnyak orang lain manfaatkan situasi bgini"" warung orang lain yg jual bukan dia sendri tpi orang lain masa dapat 'masa sih gak tahu' kan ada dta nya"" knapa langsung di kasih"" kan  psti semua ada prosedurnya juga tata caranya",negatif,negatif
3,Saya mau nanya jika kena Corona apakah pas di isolasi bakal bayar?,netral,negatif
4,trus kemana duit... Saya gak dapat bohong semua,negatif,negatif
5,Yg salah bukan presiden nya. Tpi di bawah nya yg ga bener. Kaya nya klo koruptor di hukum mati kaya nya negara kita damai...,netral,netral
6, Kalau warga india di izin kan masuk ke indo berarti mau  mematikan semua orang indonesia,negatif,negatif
7,"Ternyata gede ya biaya pandemi, tapi tunjangan ortu ku dipotong 4 juta. Kirain gara2 corona.",negatif,negatif
8,Mencegah virus bukan dari PPKM.. gak kan mampu.. Sama aja sia sia,negatif,netral
9,Kalau negara adikuasa yg bicara ya bisa didengar ,negatif,negatif
10,"Luar biasa.... wabah corona kek gini pun bisa kalian korupsi, miris",negatif,negatif
11,presiden dan pejabat tinggi negara yg pertama di vaksin,netral,netral
12,Kalau keluarga kamu gak kerja di perangkat desa .. jangan mimpi dapat bantuan kenyataan nya di desa saya begitu kalu kurang bukti saya siap di panggil biar saya jelasin .... Rakyat kecil itu lebih paham siapa saja yh dapet . ...,negatif,negatif
13,pak kami tidak dapat bantuan yang di katakan pak jokowi?,negatif,negatif
14,Semua berita covid itu bohong,negatif,negatif
15,"Hanya sebatas langkah langkah yang tak pasti yang di keluarkan pemerintah, miris",negatif,negatif
16,Bodo amat saya tak peduli sama aturan pemerintah,negatif,negatif
17,"Udh tutup aj kasusnya, cuma flu doang",negatif,netral
18,"Tolong di tutup semua penerbangan khususnya penerbangan luar negeri, untuk mengurangi penyebaran covid19",positif,positif
19,"Jawabnya pasti bukan urusan saya, itu lah pemerintah indonesia, gak tegas",negatif,negatif
20,Pd bincang bincang ..udh setahun lebih nih.. kebijakan tdk ada yg tegas..,negatif,negatif
21,"Sedangkan negara"" lain udah enak ""n gak pake masker boleh lihat piala euro meraka udah sadar",positif,negatif
22,"Belanja, belanja, di korupsi pemerintah dan oknum di bawahnya",negatif,negatif
23,covid di buat bisnis,negatif,negatif
24,"Ada yg bisa jelaskan gk knp vaksin Ebola lama diketemukan hampir 20 tahun tapi vaksin covid 19 baru berapa bulan SDH bisa diketemukan?? Aneh ya, seperti permainan dunia",negatif,negatif
25,anjuran pemerintah indo ini konyol dan tidak tepat.,negatif,negatif
26,Temen2 gue pd kena covid tapi masih pada hidup,netral,negatif
27,"Serapan rendah, antara gak tau mau diapain (gak punya solusi) atau takut KPK. Salah tanda tangan masuk bui tahun depan. Yang di atas takut, yg dibawah kurang disiplin ttng pertanggungjawaban uang negara.",netral,netral
28,"pak bantuan dana dampak corona di sini meleset gak sesuai target...
Saya yg menengah ke bawah belum dapat dana bantuan dari dampak korona...
Sedangkan menengah ke atas sudah dapat...
Saya butuh hak dan kewajiban saya untuk memenuhi kebutuhan keluarga
",negatif,negatif
29,smkin mnjdi jadi. mti rakyatmu klo ini brjln skin bnyk yg sakit dan mti klpran,negatif,negatif
30,"Maaf capek menunggu gak  kunjung datang,, ntah klu benar ,tau bohong, kmi dah kelaparan,",negatif,netral
31,BACOD doang pemerintah,negatif,negatif
32,banyak oknum2 dibelakang yg bermain vaksin dan bansos2 yg tidak jelas kemana duit negara bs menyusutlah kalo dibiarkan... ,negatif,negatif
33,Malah saya mh di segel listrik nya mau dicabut tolong dong pa presiden saya mh nggak di diskon sedangkan sedang dirumah mau cari uang kemana­ sedangkan listrik dinaikkan,negatif,negatif
34,Pak presiden tolong perhatikan medan sumatera Utara... Apa lg daerah mencirim medan banyak yg gk dapat bantuan sembako nya,negatif,negatif
35,"Makanya kalo ga mau berlarut- larut, nanti pas lebaran haji, jangan kumpul untuk mendapatkan daging, kasihan pemerintah yang disalahin terus, padahal rakyatnya yang gak taat peraturan",positif,negatif
36,covid 19 itu hanya isu politik yang dibuat negara maju sadar dong ... jgn mau di bodohi dgn hal2 tsb ... ,negatif,positif
37,"Bentuk tim buser pk ,jngan cma mngandalkan informasi atau yg saya denger, jangan planga plongo aja kerjanya",negatif,negatif
38,"Bisnis oknum oknum tertentu...
Semua penyakit dicaplok korona semua...",negatif,negatif
39,"Maaf ya pak.
Tpi saya belum pernah dapat bantuan bansos tuh",negatif,negatif
40,"Gratis kan biaya internet dong Pemerintah , 2 bulan gitu.. Jamin auto isolasi diri dirumah... biar mantengin drama korea aja buat social distancing.. haha",netral,negatif
41,"Lockdown Ekstrem, Anak2 dan Bocah2 masih main2 di jalan, ABG kumpul bareng, yg Dewasa nongkrong di kafe dll, ga ada HUKUMAN -------->  HASIL LOCKDOWN SEPERTI INI APA ???",negatif,negatif
42,Alhamdulilah smg cofid segera hilang dari muka bumi ini  termasuk indonesia tercinta,netral,netral
43,"saya setuju jika lockdown, tapi alangkah lebih baik jika pom bensin juga di tutup, biar gak ada akses ke mana pun",positif,positif
44,"Lockdown? 
Telat kali, kemarin kemana aja.
mendingan tambah aja angka covid- nya Test Covid = Duit
Sweeping Test  Covid = Duit
Hasil Test Positif Covid, Masuk Rumah Sakit  =  Duit
Kalo Mati, dikubur pakai protokol Covid = Duit
Duit  ...  Duit  ...  Duit",negatif,negatif
45,indonesia akan menyusul kasus covid di iran (gk beda jauh) karena pemerintah yang gak tegas dalam atasi virus ini,negatif,negatif
46,"Para penjabat lockdown enakkk2 diem d rumah tetep dapeut gajih lahhh rakyat biasa, perantau, pedagan mana bisa... Diem dirumah /dikossan perut laper sedangkan bantua kebanyakan tdk merata banyak yg zonk",negatif,negatif
47,Bantuan dari jokowi dan gubernur banyak kena korupsi sama desa dan Rt yang miskin tidak dapat malah orang mampu dapat ini tidak adil biar corona bertambah dan berakhir sampai 2022 biar banyak yang mati,negatif,negatif
48,Selama ada covid belum pernah merasakan bantuan sama sekali padahal suami kena phk usaha merosot harusnya umkm survei dulu baru jadi tepat sasaran.,negatif,negatif
49,WN india udah masuk ke indonesia ya telat pak.. ,negatif,negatif
50,Ayo Semua warga indonesia Bersatu lawan covid-19 Dengan Cara Mengikuti anjuran pemerintah agar wabah ini segera berakhir amin,positif,negatif
51,"nanggung aturan PPKM khusus airport dan pelabuhan masih aja d perbolehkan ada aktivitas, ttp masuk jg itu manusia walaupun ada kartu vaksin /PCR test. Nempel jg virus nya d badan yg keluar/ masuk. Pinter aje...",positif,negatif
52,"ini gimana ketegasan pemerintah? Banyak dana yang tidak sampai ke rakyat miskin,  kurang tegas sih menurut aku",negatif,positif
53,Kami rakyat indonesia jg gk ada bantuan apa apa turun ke desa kami p jokowi .tolong perketat  dan akurat masalah pengiriman dana itu .kami gk dapat info apa pun,negatif,negatif
54,coba gaji DPR di potong satu bulan untuk membantu rakyat yg kena dampak covid... mereka diam !!! apa kah mereka pantas jadi wakil rakyat??????,negatif,negatif
55,lockdown ini mungkin udah usaha yang terbaik dari pemerintah,positif,positif
56,"Hanya janji"" palsu doang ini pemerintah, bohong terus",negatif,negatif
57,"Tunggu yg kena sdh ribuan baru di lockdown, bapak tidak ada ketegasannya sebagai presiden, gak inisiatif",negatif,negatif
58,Kalo saran ku sih buat atasi corona datengi setiap kk. Di tes satu per satu bisa x yah buat mutusin rantai penyebaran corona...,positif,negatif
59,"Indonesia harus juga kirim bantuan medis ke India, di sana juga banyak wni, kasian",positif,negatif
60,Bukti bahwa covid ini gak separah yang kita pikir kan... Hanya dengan dua kali di vaksin sudah boleh gak pakai masker.. Berarti kita sudah di tipu pemerintah,negatif,negatif
61,Semua org yg kurung dirumah masing2 diberi bantuan jd semua warga sipil jg berhak dapat bantuan nya. Apalagi saya yg hanya pegawai biasa,positif,negatif
62,"Untuk daerah Bandung barat yg dapet itu malah orang orang kaya, contohnya seperti saya, saya adalah pegawai serabutan tapi, tidak pernah mendapatkan bantuan apa lagi yg namanya beras raskin, tolong di kaji lagi untuk wilayah Cimahi Sangkuriang, itu yg dapat palah orang orang kaya",negatif,negatif
63,Kurangi bertengkar kurangi saling menyalahkan bikin otak bodok kehilangan akal sehat  ayolah masarakat saling bantu jangan mikir harta lagi,positif,positif
64,Kenapa gak d pos saja mengambil uang semua. yg dr lurah blum keluar karena yang dapat Cuma keluarga lurah aja ,negatif,negatif
65,gue  gak percaya sama virus corona hahaha,negatif,negatif
66,"Jangan kan sembako, yg kecil aja masker susah ,ga dapat, apa lagi sembako, dan bantuan lain",negatif,negatif
67,Semoga sebelum bulan puasa covid sudah hilang amin,netral,netral
68,mungkin menunggu jokowi positif covid 19 baru ambil kebijakan lockdown ..,negatif,negatif
69,Mundur aja pak jokowi kalo ga mampu n hanya menyusahkan rakyat,negatif,negatif
70,Covid gawat anggaran menguat,netral,netral
71,lockdown akan membunuh rakyat miskin secara perlahan ,negatif,negatif
72,"sudah terlalu banyak Korups dimana2, yang jadi mangsa rakyat sendiri.",negatif,netral
73,Banyak jenis bantuan tapi gak ada satu pun yg pernah ke tempatku,negatif,negatif
74,"Indonesia senang di bodohi.... jelas2 sudah vaksin 2 kali masih pakai masker 
Pertanyaan apa guna nya vaksin sebagai anti corona hahahaha",negatif,positif
75,Semoga lekas membaik,netral,netral
76,"Dah buat para pejabat aja dulu khususnya pres n wapres ,kami prioritaskan anda anda dulu, biar pemerintahan aman",netral,netral
77,.saya sangat sedih emang benar ya saat isolasi gak di kasih obat yang aku takuti apa benar kalau di rujuk ke rs di biarkan saja gak di kasih obat,netral,negatif
78,"Covid gak bakal hilang selama nya.. jd vaksin hrs di upgrade tiap tahun, karna covid bermutasi",netral,positif
79,"hanya mimpi bagi kaum miskin untuk dapat bantuan, miris",negatif,negatif
80,Ngomong aja buat kebijakan tpi menyerang rakyat kecil lol,negatif,negatif
81,"Kalo mau lockdown siapkan dulu dana buat para pekerja harian dll mereka masih butuh makan dan hidup, bukan hanya seenaknya suruh lockdown",negatif,negatif
82,"1.pake, masker 2. jaga jarak 3. sering cuci tangan. itu yg penting",positif,positif
83,Dpr.. oh.. dpr... kenapa gaji mu tak ko smbangkn... dpr. Tak bergna.... korupsi di otakmu,negatif,negatif
84,"Sudah ada IMBAUAN dari pemerintah dan kepolisian jangan ada yang keluar rumah, kumpul kumpul dan nongkrong ga jelas tapi masyarakat nya KERAS KEPALA. Manusia kaya gitu seret aja ke rumah sakit supaya mengurangi PASIEN POSITIF CORONA",positif,positif
85,"Yg positif corona yg sakit corona mereka disendirikan di pulau pulau khusus corona ,se indonesia kalau sakit corona langsung dibawa ditaruh di pulau itu sehingga, dengan demikian virus sulit menular ke orang",netral,negatif
86,"sebentar lagi puasa, semoga segera berakhir ini covid 19",netral,netral
87,Kerumunan Khofifah saat Ulang Tahun sdh dilaporkan oleh lurah kok santai santai tdk ada Perkembangan Ya?,negatif,negatif
88,Ga ada dana covid hilang kaya nya,netral,negatif
89,"Belum byk yg kena dan blm byk yg meninggal, makanya pemerintah santai hahaha",negatif,negatif
90,"Gua sebagai kurir barang, akan terus bekerja dan melanggar aturan lockdown jika benar terjadi, terus terang aja gua lebih takut ga bisa makan sama ga punya duit drpd Covid-19.",negatif,negatif
91,sepertinya akan HUTANG LAGI ...,negatif,negatif
92,Dari awal pandemi sepeser pun warga kami ngga pernah di sentuh bantuan oleh pemerintah.,negatif,negatif
93,Gak usah banyak omong pak presiden terhormat ...kami mau tutup semua jalur udara dan jalur laut.. itu yg kami mau..,negatif,negatif
94,Sy berharap pemerintah turun tangan agar tau yg sebenarnya.. bagaimana dan kepada siapa bantuan itu d terima..,negatif,negatif
95,liat ajalah 5-10 tahun lagi baru terkuak kasus GIGA KORUPSI ANGGARAN PEMULIHAN PANDEMI 2020. itu juga kalo ditindak,negatif,negatif
96,Nggak usah ada bantuan... Bikin sakit hati yg lainnya.. Percuma..... Biar saja corona merajalela..,negatif,negatif
97,Coba 50% penduduk Indonesia mau PUASA PUTIH 3 hari aja. InsyaAllah pandemi virus Komunis - China (covid19) ini pergi dari Nusantara (Indonesia)! #Lestarikan Budaya Nusantara,netral,negatif
98,Ini Wakil Rakyat pada kemana dan berbuat apa ? kok pada menghilang semua ........ apa bisanya cuman NYINYIR melulu ? tanpa memberikan MANFAAT bagi Rakyat yang diwakilinya dalam kondisi wabah COVID 19 ini ??,negatif,negatif
99,Maluku Utara Tobelo belum terima bantua berupa uang tunai 600 yg di janjikan pak jokowi,netral,negatif
100,sy tau suara sy tidak akan sampai d hadapan pemerintah namun sy berharap ada pihak2 terkait yg mau menolong agar pemerinth tau semua ini.. bagai teriris sembilu kalau mendengar rintihan fakir miskin yg tidak mendapat bantuan covid 19.. sy tidak mengatakan Kepala desa kami tidak adil.. tp itulah yg terjadi..,negatif,negatif
101,pabrik rokok dan miras sangat signifikan terkait covid...... seharusnya pabrik rokok dan miras ditutup saat 3 bulan pertama pandemi..... Pemerintah gak adil,negatif,positif
102,Di wilayah kami bantuan yg berupa uang di monopoli. Jadi bantuan uang dari pemerintah melalui salah satu bank nasional. Di kasih ATM tapi pin nya gak di kasih. Trus yg gesek itu pihak desa. Warga cuma di kasih bahan pokok yg nilainya jauh dari nilainya bantuan. Kami di salah satu desa di kec Ampelgading kab malang,negatif,negatif
103,Bergeraknya dari bawah jdi penanganan satgas covid 19 di bentuk dari tingkat RT pak terus ke rekening kelurahan dan kecamatan itu lebih efektif dan gak kecolongan karena basisnya dari bawah buat jaring seperti dlm sistem pemilu di setiap rt di wajibkan melaporkan diri dan di data apabila ada warga yg belum melapor dari satgas rt setempat wajib jemput bola dari satgas rt terdiri dari beberapa team yg setiap team di dampingi  minimal 1 dokter,positif,positif
104,divaksin ijeh ora mempan terusss kudu diapakno neh.. hanya dagelan bloko,negatif,negatif
105,harus nya dpr yg ketika mau mencalonkan diri membutuhkan rakyat sekarang dpr harus rela bantu rakyat sekali kali gajinya 1 bulan sumbangkan buat rakyat,positif,netral
106,Sangat setuju lockdown krna ga lockdown biaya k rakyat sama cheek swab or merawat Tanpa pemerintah biaya sendiri triliunan kilo d hitung trap kluarga biaya sendiri,positif,positif
107,"Kemaren bagi bansos pada balapan, sampai masuk ke gang gang, malem malem, siang siang, dilemparin dari mobil, difoto cekrak cekrek, di video, di viral kan.
Eh tumben tumbenan, anggaran ratusan triliunan, kagak dicairin, biasanya paling seneng kan cairkan anggaran. 
Duitnya ga ada ya? ngutang lagi gih! jual aset gih!",negatif,negatif
108,"Pemerintah tdk hanya melayani satu wilayah aja,  namun seluruh Indonesia, ini bukan salah pemerintah",positif,negatif
109,Covid akan terus ada jika Para dokter masih bersandiwara.,negatif,negatif
110,"Terlihat belom siap, padahal udah peringati sama WHO jauh beberapa bulan sebelum covid19 masuk indonesia, lucunya indonesiaku awokwkwk",negatif,negatif
111,semangat terus pak jokowi,netral,netral
112,"solusinya ,, tutup darurat covid gk usah di gembar gembor trus . BUBARRRR  kan udah aman negri ini",negatif,positif
113,Minum jahe dan kunyit dan makan ditempat hajatan semoga mati kovidnya..,netral,netral
114,kok tidak ada dpr mpr pejabat yg mulai bantu,negatif,negatif
115,"Mana ada kenaikan.... 
   Yang dapat PKH ya PKH doang.. 
 Gak ada yang namanya bantuan COvid, apa lagi kenaikan.. ",negatif,negatif
116,"Kami yang di luar jawa juga mau dapat bantuan pak… kami juga susah butuh makan, lockdown menyusahkan kami pak",negatif,negatif
117,"Gmn kita gk mau suudzon, orang itu dana udah terang terangan di korupsi kok",negatif,negatif
118,"dana bantuan itu blm mengalir keluarga aku .aku kerja sbg buruh, hidup diperantaun. di masa pandemi covid 19 mungkin semua org mengalami kesulitan. buat berdagang aja susah. sebenarnya dana bantuan itu nyangkut dimana",negatif,negatif
119,mf pa  dana apa pun yg di turun kan negara .hanya salah sasaran .yg punya di kasih yg miskin tidak. saya harap dari atas harus turun ke pedesaan ,negatif,negatif
120,"Mungkin sedikit koreksi, istilah terpapar itu kepada siapa saja, respon yg berbeda2 tergantung   kondisi masing2 orang, yg tua , yg punya penyakit bawaan tertentu, yg sedang lemah imunnya tentu lebih beresiko. Sedang yg Kuat, muda, bukan tdk bisa terpapar, tpi respon bisa lebih baik sembuh sendiri, tpi bisa juga jdi berbahaya buat orang lain jika jadi OTG. 
Kuncinya Test, test, test. Selama belum ditemukan obat apa lagi vaksin. ",netral,negatif
121,"udah bosan dengar aturan pemerintah, percuma juga karena pemerintah mana peduli sama  rakyat yang miskin",negatif,positif
122,Turunnya anggaran terlalu banyak birokrat,netral,netral
123,"Serius baru ditangani ketika sudah ada yg tertular, dari awal pak harusnya yg dr negeri cina di waspadai jangan sampai masuk k Indonesia dulu..  Kalo udah kaya gini kan..  Baru keteteran",negatif,netral
124,Sampe sekarang saya juga belum ada sumbangan dari kelurahan,negatif,netral
125,"Uangnya sudah habis semua ... Di buang untuk ini itu.. Di seleweng sana sini .. Yg saya pertanyakan ""BAGAIMANA NASIB IBLIS KORUPSI BANSOS SEKARANG?..!!!!",negatif,negatif
126,Pak aku nggak dapat bantuaan apa apa gimana ini cuma bisa elus dada tetangga pada ambil sembako uang tunai ,negatif,negatif
127,Saya sekarang tinggal di Tigaraksa Tangerang.. KK & KTP udah saya kasih udah lama ke RT Tigaraksa .. belum ada bantuan sampai sekarang mana bantuan masih banyak yang belum dapat..,negatif,negatif
128,"Sudah saatnya pemerintah fokus ke ekonomi dan bantuan sosial, karena vaksin akan selesai dan korban meninggal tidak signifikan, serta tetap pakai prokes namun tidak ada lagi yg ditutup seperti hotel, restoran dan buka normal.. .termasuk sekolah dan pendidikan menengah mauoun tinggi",negatif,negatif
129,"Bisa nyetop sementara kredit cicilan apa engga? Bukan malah nanti disuruh bayar bunga !! Stop full dulu, ga usa lokdan lokdon ga becus ðŸ¤¨",negatif,negatif
130,"Ini bukan virus, ini masalah bumi, lapisan ozon perputaran bumi 
lapisan ozon makin tipis semua orang akan sesak",netral,netral
131,Kok di daerah aku belum dapet bantuan,negatif,netral
132,"Maaf sampai saat ini blm cair jg yg 300,, saya sangat membutuhkan",negatif,netral
133,"mantap pak, saya dukung terus aturan pemerintah demi diri saya dan orang lain",positif,positif
134,"Itu bukan LOCKDOWN woody,,
Itu mematikan rezeki masyarakat dengan gaya",negatif,positif
135,Lockdown saja seluru Indo pasti akan turun corona,positif,negatif
136,"pengen panik, takut stress, kadang malem pas mao tidur suka berasa kayak kepojok sendiri kagak bisa apa2, sumpah ni musibah ngalor ngidul kagak ada ujungnya.",netral,negatif
137,Jangan langkah langkah corona aja pak di urus tapi ekonomi dan pajak harus di tangani pak saya mohon trima kasih,positif,positif
138,"Lagi lagi uang di korupsi, siap2 koruptor dapat uang haram lagi",negatif,negatif
139,"di mana bantuan itu.. 
Daerah saya gk tepat sasaran..",negatif,negatif
140,"Saya harap pemerintah menutup tempat seperti mall , tol, pelabuhan .",positif,negatif
141,"pemerintah indo terlalu Lamban, kecewa... harusnya di beri tahu daerah mana aja.. klo perlu di lockdown. ",negatif,negatif
142,malaysia sudah mulai lockdown,netral,netral
143,"Penanganan indo gak jelas, apa aku doang yang benci sama sistem pemerintah",negatif,negatif
144,Bantuan ya tidak mengikuti per KK Di desa kami.,negatif,negatif
145,"Cukup satu macam bantuan yg penting tepat sasaran, bukan malah di korupsi begini",negatif,negatif
146,Sekarang di tempat ku bawahan kepala desa beli motor baru hasil korupsi bantuan dari pemerintah,negatif,negatif
147,Daerah bogor khususnya orang2 ngontrak dan domisili kampung sama sekali tidak mendapatkan bantuan. Sedangkan orang merantau tidak dianjurkan pulkam. Mohon perhatikan dan bantuannya untuk masyarakat yang merantau ,negatif,negatif
148,tolak para turis asing coba!! Pasti gak berani karena ada cuan buat pemerintah untuk di korupsi,negatif,negatif
149,"bodo amat apa yang di katakan pemerintah, omong kosong semua",negatif,negatif
150,"Kesejahteraan rakyat mana nih , rakyat yg punya gaji apa rakyat harian",negatif,negatif
151,"Yg susah, sudah yakin tambah makin susah akibat kebijakan pemerintah",negatif,positif
152,"Yang dapat bukan seluruh rakyat miskin, tapi yg statusnya dekat atau kerabat RT /RW... Tolong di sidak pak... Kec. sei suka deras, kab. batu bara, Dusun IV",negatif,netral
153,Iya lah hotel.. banyak fasilitas pemerintah yang belum di pakai mesti x hotel kan masih bisa anggaran buat beli tambahan vitamin mereka,negatif,negatif
154,Indonesia ini gak setegas seperti saudi arabia ...,negatif,negatif
155,Bpk tua ini kecil tp punya jiwa pembunuh,negatif,negatif
156,"gimana sih pemerintah kok pilih kasih, masa tes nya hanya di kota, kita yang di desa juga butuh pak",negatif,negatif
157,"warga indonesia semuanya kebal virus, jadi gak usah vaksin lah",negatif,negatif
158,Saya nggk dapat dan tidak ada pendataan kerja saya hanya ngojek,negatif,negatif
159,"Selama 2021 d tmpt sy udh gk ada bst,,, gmn nih????",netral,netral
160,Di tunggu bansos nya area gresik jawa timur bagi kita yg blm dpt kerja nih habis kenak phk dan menganggur .kalau kerja ya kita gak butuh bansos .jangan phk mana bansos nya kami tunggu ksh tiap bulan lebih baik dan uang tunai .ambil di kelurahan .,negatif,positif
161,"Kebijakan kok muter muter begitu trs cuma ganti istilah doang, efektif kgk malah makin byk yg positif dan makin byk pengangguran yg ada ,, udh setahun lbh, solusi yg lain ",negatif,negatif
162,Halu ini kayak nya pemerintah.....,negatif,negatif
163,ini pemerintah buat ppkm pasti udah mikir dampak baiknya ke depan,positif,positif
164,"Susahnya jadi bangsa bodoh yang gampang beli. Disana bebas masker karena vaksin yang digunakan kualitas super, trus yang dikirim ke Indonesia karena cari murah yang dikirim vaksin palsu 3 juga gak tahu...",negatif,negatif
165,Semoga masalah Corona cepat terselesaikan... Aamiin,netral,netral
166,Mohon pd bapak presiden jg kesehatan bapak mg allah selalu melindungi bapak mg bapak sehat trs & dimudahkan untk menangani musibah ini amin,netral,netral
167,Tolong media.. kami di kabupaten gunung kidul tidak dapat bantuan.. kami bingung harus mengadu di mana... yg dapet bantuan 1 RT cuma 4 orang... tolonglah kami kami bingung harus mengadu di mana... gunung kidul semin bantuan tidak dapat,negatif,negatif
168,Tapi kita sebagai rakyat banyak yg tidak menerima bantuanya.. tolong dibenahi wilayah kami.,negatif,negatif
169,Percuma mau ppkm juga klo kita sendiri ngga sadar diri. Masih suka pergi gak pake masker gak mau jaga jarak  dll nya ...singapura aja negara besar udah anggap covid ini akan jadi endemic seperti flu biasa,positif,netral
170,Saya  Arif Budiman dgn.5 anggota keluarga sama sekali tidak mendapat bantuan apapun dari pemerintah..... mohon di chek jangan hanya terima berez laporan,negatif,negatif
171,"Harusnya ada jaminan  garansi dari Pemerintah, kepada kegagalan setelah dilakukan vaksin Rakyatnya, karena ada yg meninggal dan ada juga yg mendadak stroke setelah melakukan vaksin, tanpa bantuan apa 2 kepada keluarga korbannya.",negatif,negatif
172,nilai rupiahnya hancur.. uang segitu mah buat beli permen aja biar rakyat senang... dah tau mata uang kita kelas teri suruh tanding sama mata uang kelas kakap.,negatif,negatif
173,"Dari mulai ada pandemi sampai saat ini
Saya tidak pernah menerima apapun",negatif,positif
174,Gmna ga meningkat Keterangan MENLU ada daftar 8 negara yg dilarang masuk ke sini tpi kenapa cina tdk masuk dftar. Bikin aturan tdk tegas. karyawan diliburkan 2 pekan Kenyataan nya cma pns yg diliburkan swasta masuk semua.,negatif,negatif
175,"udah gak usah vaksin, percuma ",negatif,negatif
176,Setahu saya banyak masyarakat banyak yg kurang percaya… karena terlalu sering di tipu sama kebijakan ini itu pemerintah.,negatif,positif
177,Indonesia gak jelas dulu menteri bilang sudah vaksin naik pesawat gak usah di swab  kacau,negatif,negatif
178,Pilih Nyawa pak  bukan  pilih kekayaan,negatif,negatif
179,"Saya Vera Syahputri warga kecamatan Batang kuis, kabupaten Deli Serdang, kami tidak mendapatkan bantuan dana 600/bulan dari pemerintah soal Covid-19. Ibu saya tiap hari mengeluh, kenapa bantuan dari pemerintah harus di pilih"", sementara yg terkena imbas Covid-19 semua masyarakat Indonesia, mau kaya atau miskin semuanya kan harus dapat, Krn kita semua kena dampaknya. ",negatif,positif
180,"Harga masker mahal pak, kami rakyat miskin gak punya banyak uang, dana bantuan gak dapat, udah di korupsi sama pemerintah daerah",negatif,negatif
181,"Tolong dibedain Lockdown sama di Liburan sekolah/ kantor, lockdown itu ya kita tinggal dirumah atau disuatu daerah gk boleh keluar atau masuk, biasanya nanti dikasih kepemimpinan ke militer kalau rakyat masih nakal, kalau sekarang kita masih diliburkan maklum orang pada kemana mana.",netral,positif
182,"Bukan dokter, dan sok pintar sok tau, menyakit yg gk kelihat, ini mudik dilarang wna cina bebas masuk di indonesia, rakyat kecil di siksa terus karna virus yg gk kelihatan ini negara anehh",negatif,negatif
183,"Boro"" dapat bantuan, Mudik pun dilarang, Nasib anak rantau
Bukanya untung malah buntung di perantauan tidak ada yang urus
",negatif,negatif
184,Koreksi sedikit. Pernyataan pak jokowi diawal video bukannya tgl 18 Juni 2020 ya? Bukan 31 Maret 2020 kan?,netral,negatif
185,Payung hukum dan aturan kebijakan perlu tapi tetap fleksibel dan tingkat keberhasilan kinerjanya sangat bergantung pada implementator dilapangan termasuk daya dukung maupun daya jangkaunya karena struktur birokrasi juga harus memiliki efektifitas tinggi dalam aksinya.,positif,positif
186,Selalu saja pemerintah indo terlambat menetapkan aturan,negatif,negatif
187,"Dana haji gimana kelanjutan nya, apakah sudah di korupsi juga",negatif,netral
188,"SALUT DAN  SEJUTA TERIMA KASIH  untuk para dokter,  perawat ,guru, pegawai supermarket  dan operator angkutan umum yg berjuang dan  ikhlas utk melayani  seluruh rakyat Indonesia  semasa krisis",positif,negatif
189,Telat klo mau bikin pulau isolasi skrg keburu pasiennya mati semua tahun -tahun kemarin kemana aja emang gak ada kepikiran tuh di kepala pemerintah  buat bikin pulau kyk gitu ,negatif,netral
190,"Pak jokowi tolong ulurkan  bantuan baik yg sakit atau yang tidak.... Yang tidak keluar rumah yang kehidupannya minus dibantu biaya  makannya.... Karena tidak bekerja, tapi kenyataannya yg dapat bantuan malah yg kaya raya, miris sama pemerintah sendiri",negatif,negatif
191,"Kasian, rakyat indonesia yg miskin, harap pemerintah indonesia lebih prihatin dan tiada yg main rakus dana dlm keadaan covid ini. Jgn sampai ada yg meninggal sebab kelaparan.",negatif,negatif
192,"Apa kita yg sehat juga bakal dipaksa vaksin? Ngapain? Males, dislike",negatif,positif
193,Masyarakat lebih sehat daripada di vaksin.. pemerintah hanya mengandalkan ansumsi yg kurang jelas. cuma demi uang mengorbankan masyarakat.!,negatif,positif
194,"Saya hanya kasian sama para pedagang2 kecil, pedagang kaki lima, pedagang2 yg mangkal di sekolah2an, pedagang kantin, apalagi para pedagang yg lansia menjajakan dagangan dg gerobak dan sepeda ontel, berharap corona cepat selesai, penyebabnya karna bantuan2 yg tak tepat sasaran, dan percuma, selama keadaan seperti ini.",negatif,negatif
195,"tidak usah membuat berita yg tidak sesuai dgn kenyataan...
pada saat ini rakyat begitu memerlukan  bantuan dan belas asih dri pemerintah... bkn hanya tahu nya buat lockdown dan kepres... pikir nasib rakyat yg di bawah ini silakan kecam saya kalau saya salah.. .sudah muak dgn pemerintahan seperti ini...",negatif,negatif
196,BKN dokter aja bos. rkyat perlu dijamin hidupnya,negatif,negatif
197,"percuma peraturan ini itu, tapi pemerintah gak tegas",negatif,negatif
198,"terimakasih infonya, sangat bermanfaat min, apabila ada yang bingung caranya bisa lihat di channelku",netral,negatif
199,"Sebelum kovid dapet dari mna pak.. Siapa yg ngasih uang nya, kami yang miskin gak tau harus mengadu ke siapa, suara kami tidak pernah di dengar",negatif,netral
200,"Seharusnya semua komponen bangsa harus disiplin taat kebijakan, petunjuk dan arahan Jokowi Presiden RI. dalam setiap situasi",positif,negatif
201,Saya gak pernah dapat. Blt..,negatif,negatif
202,"Saatnya kita mawas diri, mulai dr hal kecil, ikuti aturan pemerintah",positif,positif
203,"Minta tolong di desa saya tidak merata pembagiannya..... desa wonorjo, banyuputih situbondo... tolong di tindak lanjut",negatif,netral
204,"Pemerintah kebayakan Peraturan sewaktu virus Corona sudah menyebar sehingga bayak membuat Rakyat menderita, sedangkan sewaktu virus corona belum menyebar pemerintah terlalu santai mengantisipasi pencegahan Virus Corona. Wahai BAPAK PRESIDEN Repoblik INDONESIA JOKOWI yang terhormat Rakyat sudah bosan dengan sifat pemerintah yang tau nya cuman pencitraan dan Omong doang, Mana itu Mentri Kesehatan yang mengatakan masker hanya Untuk Orang sakit, Mana itu Mentri kesehatan yang mengatakan kalau Virus corona tidak bisa menyerang Indonesia karena Iklim indonesia iklim Tropis, Sebentar lagi Rakyat bayak mati bukan karena Virus Corona, Tapi mati karena kelaparan dan Struk...",negatif,positif
205,Baguslah di Stop.. 3 tahun lagi Menuju Pilpres 2024.. Dana kopid di Stop ok lah.. tapi mbok Yo.. Ppn' tuk Ibu Bersalin Pendidikan Anak Bahan Sembako Jo di kena kan PAJAK to Yoo.. Melasi Masyarakat kelas ke bawah yang Hasil nya Pas Pasan dan Buruh tani pun Bisa kena Dampak nya kalo Semua Kena Pajak....,negatif,positif
206,"Halah, serius kaga koar koar nya minta ampun... Di sini hajatan ataupun hiburan malam masih oke oke aja..., Tidur doang kerjanya",negatif,netral
207,lebih otentik kalau marahnya ga pake teks.,negatif,negatif
208,"Ini masih dalam spekulasi dan dugaan saya, menurut saya kapur barus dan suara berfrekuensi tinggi mampu mencegah Covid-19",netral,netral
209,"selama covid  kami tidak pernah dapat bantuan apapun  , padahal suami kerja nya  buruh serabutan  sementara  saya hanya bekerja sbagai  honir daerah yg gaji nya hanya  1  juta lebih.",negatif,negatif
210,Gak usah panik. Ternyata banyak orang nongkrong di warkop karena perkataan pemerintah yang tolol,negatif,negatif
211,"Sebenernya kuncinya itu peduli, coba buat peduli dan Memang hidup mati manusia di tangan Tuhan, tapi tetep harus ada ikhtiar.",positif,positif
212,"aq jg seorang janda tp ga pernah dpt bantuan apapun dri pemerintah, tp knp yg hartanya bnyak punya segalanya ko bisa dpt bantuan, mana keadilanya apa karna koruptor. biar jels nih wa ku +852 94505499,",negatif,negatif
213,Munafik banget pemerintah,negatif,negatif
214,"jangan takut sama Corona, kita hanya di bodohi pemerintah",negatif,negatif
215,"Kasus Indonesia hampir satu juta
Yg pantes saat saya jalan sepi",netral,netral
216,yah mau apa lagi... dilapor juga serba salah... Pemerintah seolah tutup kuping sama keluh kesah warga terutama yg miskin,negatif,negatif
217,Tetaplah pakai masker meski sudah divaksin! Tetap jaga kesehatan demi kebaikan bersama,positif,positif
218,"Nanti...., menunggu sampe seribu kasus dan banyak yang meninggal, baru deh lockdown.
Lockdown istana",negatif,negatif
219,Saya ktp dki tempat masih ngontrak.. Tapi ga dapat bansos. Sedangkan yg punya rumah punya kontrakan dapet.. Saya bingung dengan permainan ini,negatif,negatif
220,Kasian yg tugas satgas satu tahun TDK dibayar sama sekali cuma janji2 saja,negatif,positif
221,"lebih baik banyak berdoa, minta pertolongan kepada Tuhan agar corona segera berakhir",netral,positif
222,"mantap covid 19 hilang selamanya ya, soalnya dana sudah habis di korupsi. covid 19 itu mengincar duit bukan manusia",negatif,positif
223,"Pemerintah tidak mau ada kesalahan,  mereka tau yang terbaik yang dilakukan.",positif,negatif
224,"Berdoa dan berbuat sesuatu : patuhi PROKES dan ikuti Petunjuk Pemerintah, cobalah belajar ",positif,positif
225,Sy ibu rmh tga rmh sewa  janda dgn 4 anak   1  x pun dari  mulai yg katanya ada bansos dr thn2 sblmnya  dan  smpe sekarang blm pernah merima  bantuan appun  .. jd ya prctya tdk prcya ..tpp  smgt  brjuang ..wlupn  keadaan smkin sulit .,negatif,negatif
226,"Mantap Pak, semoga lockdown bisa atasi wabah virus corona di indo...",positif,positif
227,"Gombal, mn ada kesejahteraan buat rakyat, cm teori...",negatif,negatif
228,"Jgn pd tkt mati, mati tu dh dari lahir, ngapain tkt, kalo memang mau mati korona ya tu takdir, klo gak takdir korona pun lewat, jd jgn ribut lah",negatif,netral
229,"Knp di Indonesia blum aman,, Karna di Indonesia,, ada kepentingan politik,, vaksin masih jadi ladang bisnis",negatif,negatif
230,Ini semua salah Anis hahaha,negatif,negatif
231,"Tugas kami adalah mempertahankan hidup, jadi kami tidak mau di lockdown",negatif,negatif
232,Yang miskin tambah miskin,negatif,negatif
233,Luar negri aja udah clubing Indonesia malah banyak pembodohan,negatif,negatif
234,Kmi sbg masyarakat sma2 bayar pajak di pemerintah tpi disaat pembagian bantuan dah keseringan kmi GK dpt apa2 ,negatif,negatif
235,Subsidi penuh. klw msh ada yg keluyuran langsung tindak tegas.,positif,negatif
236,Cara indonesia paling karen..,netral,negatif
237,"jangan pikir ekonomi terus pikir kesehatan anda,  klo kena virus corona siapa yg rugi diri anda dan keluarga anda , harusnya ada tabungan sejak dini klo skrng siapa yg rugi",netral,netral
238,"ngomong kok ga jelas.. kalo masukan rakyat didengarkan pemerintah ga akan sampai meluas seperti ini virus covid di indo, sekarang sudah telat semua",negatif,negatif
239,"Tenang saudara ku menengah kebawah, semoga kita bisa lewati ini bersama",netral,netral
240,"Bantuan dari pemerintah itu di salah gunakan yg menerima itu bukan lah orang miskin tetapi yg mampu yg miskin cuma di pakai nama nya aja, karna bantuan itu jatuh ya ke tangan orang mampu orang miskin itu cuma jadi korban ke bohongan orang",negatif,negatif
241,SKIP VAKSIN GA PAKE BACOT CUMA 2 KATA GUA TOLAK,negatif,negatif
242,Rakyat kecil yg menjerit karena pemerintah gak mikir dulu sebelum bertindak,negatif,negatif
243,Mau lockdown gimana nasib rakyat kecil,negatif,negatif
244,"Ia benar bnyk penerima pkh
Yang GX layak",negatif,positif
245,"Daerah kec, tenjolaya  yg dapat batuan  rata2 orang - orang yg mampu  salah sasaran",negatif,negatif
246,Bapak juga harus sehat terus yah pak..,netral,positif
247,"Jangan buat 4 bulan. buat satu hari aja ga ada bantuan yang saya terima, pemerintah pusat kurang tegas",negatif,negatif
248,"Omong kosong dengan aturan pemerintah, gak berguna bagi rakyat miskin",negatif,negatif
249,Semoga  virus corona cepat  menghilang,netral,netral
250,Bukan nya indonesia belum. Tapi orang yg di atas masih kurang mendapatkan keuntungan,negatif,negatif
251,wacana mulu,negatif,negatif
252,"Semoga Indonesia senantiasa dilindungi dari masalah ini, ",netral,netral
253,maaf.  di kota kota lain bantuan sudah silih berganti.  dari sembako.  uang.  tapi di kampung saya boro jenis uang.  sembako aja gak ada.  usaha/ kerja gak bisa.  stay at home di suruh nya.  tp bantuan gak ada sama sekali di kampung saya. tapi di kampung kampung lain bantuan cair terus,negatif,negatif
254,Kasus HRS DI POLISI KAN... MCDonald buat kerumunan kenapa anda diam... dan saya yakin lonjakan covid ini terjadi karena penutupan gerai Giant dan MCDonald kenapa bupati diam? apa karena takut kepada pemiliknya karena investor lalu di salahkan mudik lebaran...,negatif,negatif
255,"Udah baik pak jokowi dan pemerintah keluar kan aturan supaya virus covid segera selesai, tapi rakyat nya masih kurang puas ",positif,positif
256,Dah lah gue males sama penanganan nya banyak cara namun sama saja tetep menyebar intinya tong kosong nyaring bunyinya,negatif,positif
257,"PPKM darurat, pemerintah provinsi menjamin kebutuhan hidup masyarakatnya, karena masyarakat di jatim masih banyak yg hidup dibawah garis kemiskinan,  karena jatim tidak hanya melihat dari kota Surabaya saja",positif,positif
258,Maret ga dapat. katanya double sm April akhir maret. Tp ko blm ada smpe skrg.,negatif,negatif
259,Hebat scenario propaganda konspirasi mu biden,negatif,negatif
260,"Apa artinya mngkin covid-19 nya sudah hilang? Atau uang negara sudah habis, sampe2 sembako pun akan d kenakan pajak.",netral,netral
261,"Tka dr china jg msih bebas msk ke indonesia, cntohnya di kendari.. import virus corona",negatif,negatif
262,"Kalo Lockdown udh siap ngasih makan Rakyatnya? Perlu dipikirkan lagi, yg banyak melanggar jg orang berduit. Yg GK punya duit GK mungkin kemana2.",positif,negatif
263,Knapa bulan ini kok blum keluar... Saya dri pertama covid 19 gk dpet sama sekali padahal dri RT lain mau orng yg berada atau gk itu dpet knapa saya gk ya memang blum ada anak tpie pkerjaan suami jga brkurang penghasilanya krena kenak psbb,negatif,negatif
264,"org  Indonesia  ngeyel  dan  maunya  Instan....  secara  real   org  cina  disiplin  dan patuh 
saya  lihat  Di Hongkong...",positif,negatif
265,"Bantuan apa nya, Diam di Jakarta, gak bisa Kerja mana di PHK, mau makan apa??  Mati di dalam Kamar?? Cebong Koruptor, Penipu… salah satunya daerah  Jakarta Pusat, Mangga Dua pada Di tipu",negatif,negatif
266,"kelihatan  sdh dalangnya, ya tentu saja pemerintah yang mempermainkan rakyat terus menerus",negatif,negatif
267,Pesan kami kpd MEDIA MASSA AGAR MENGENDALIKAN PEMBERITAAN. KAMI TIDAK BUTUH BERITA CORONA.  TAPI KAMI BUTUH BERITA YG MENGUATKAN KAMI AGAR EKONOMI KEMBALI PULIH. ,positif,negatif
268,omong kosong anda dzolim anda pemimpin yg tdk adil semoga allah azab anda,negatif,negatif
